<?xml version="1.0" ?>
<level background="res/images/backgrounds/fondoManifa.png" name="level_2">
    <user pos="3,8"/>
    <enemies>
        <enemy name="cyan" pos="7,8"/>
        <enemy name="red" pos="18,12"/>
        <enemy name="orange" pos="1,1"/>
        <enemy name="pink" pos="13,1"/>
    </enemies>
    <blocks>
        <block pos="9,1" type="softBlock"/>
        <block pos="10,1" type="softBlock"/>
        <block pos="11,1" type="softBlock"/>
        <block pos="14,1" type="softBlock"/>
        <block pos="15,1" type="softBlock"/>
        <block pos="16,1" type="softBlock"/>
        <block pos="17,1" type="softBlock"/>
        <block pos="9,2" type="softBlock"/>
        <block pos="10,2" type="softBlock"/>
        <block pos="11,2" type="softBlock"/>
        <block pos="14,2" type="softBlock"/>
        <block pos="15,2" type="softBlock"/>
        <block pos="16,2" type="softBlock"/>
        <block pos="17,2" type="softBlock"/>
        <block pos="9,3" type="softBlock"/>
        <block pos="10,3" type="softBlock"/>
        <block pos="11,3" type="softBlock"/>
        <block pos="14,3" type="softBlock"/>
        <block pos="15,3" type="softBlock"/>
        <block pos="16,3" type="softBlock"/>
        <block pos="17,3" type="softBlock"/>
        <block pos="9,4" type="softBlock"/>
        <block pos="10,4" type="softBlock"/>
        <block pos="11,4" type="softBlock"/>
        <block pos="14,4" type="softBlock"/>
        <block pos="15,4" type="softBlock"/>
        <block pos="16,4" type="softBlock"/>
        <block pos="17,4" type="softBlock"/>
        <block pos="3,5" type="softBlock"/>
        <block pos="4,5" type="softBlock"/>
        <block pos="5,5" type="softBlock"/>
        <block pos="6,5" type="softBlock"/>
        <block pos="7,5" type="softBlock"/>
        <block pos="8,5" type="softBlock"/>
        <block pos="9,5" type="softBlock"/>
        <block pos="5,6" type="softBlock"/>
        <block pos="6,6" type="softBlock"/>
        <block pos="7,6" type="softBlock"/>
        <block pos="8,6" type="softBlock"/>
        <block pos="9,6" type="softBlock"/>
        <block pos="10,6" type="softBlock"/>
        <block pos="11,6" type="softBlock"/>
        <block pos="12,6" type="softBlock"/>
        <block pos="13,6" type="softBlock"/>
        <block pos="15,6" type="softBlock"/>
        <block pos="6,7" type="softBlock"/>
        <block pos="7,7" type="softBlock"/>
        <block pos="8,7" type="softBlock"/>
        <block pos="9,7" type="softBlock"/>
        <block pos="10,7" type="softBlock"/>
        <block pos="11,7" type="softBlock"/>
        <block pos="12,7" type="softBlock"/>
        <block pos="13,7" type="softBlock"/>
        <block pos="14,7" type="softBlock"/>
        <block pos="15,7" type="softBlock"/>
        <block pos="16,7" type="softBlock"/>
        <block pos="8,8" type="softBlock"/>
        <block pos="8,9" type="softBlock"/>
        <block pos="9,8" type="softBlock"/>
        <block pos="10,8" type="softBlock"/>
        <block pos="11,8" type="softBlock"/>
        <block pos="12,8" type="softBlock"/>
        <block pos="13,8" type="softBlock"/>
        <block pos="14,8" type="softBlock"/>
        <block pos="15,8" type="softBlock"/>
        <block pos="16,8" type="softBlock"/>
        <block pos="17,8" type="softBlock"/>
        <block pos="18,8" type="softBlock"/>
        <block pos="9,9" type="softBlock"/>
        <block pos="10,9" type="softBlock"/>
        <block pos="11,9" type="softBlock"/>
        <block pos="12,9" type="softBlock"/>
        <block pos="13,9" type="softBlock"/>
        <block pos="14,9" type="softBlock"/>
        <block pos="15,9" type="softBlock"/>
        <block pos="16,9" type="softBlock"/>
        <block pos="17,9" type="softBlock"/>
        <block pos="18,9" type="softBlock"/>
        <block pos="9,10" type="softBlock"/>
        <block pos="10,10" type="softBlock"/>
        <block pos="11,10" type="softBlock"/>
        <block pos="12,10" type="softBlock"/>
        <block pos="13,10" type="softBlock"/>
        <block pos="14,10" type="softBlock"/>
        <block pos="15,10" type="softBlock"/>
        <block pos="16,10" type="softBlock"/>
        <block pos="17,10" type="softBlock"/>
        <block pos="18,10" type="softBlock"/>
        <block pos="9,11" type="softBlock"/>
        <block pos="10,11" type="softBlock"/>
        <block pos="11,11" type="softBlock"/>
        <block pos="12,11" type="softBlock"/>
        <block pos="13,11" type="softBlock"/>
        <block pos="14,11" type="softBlock"/>
        <block pos="15,11" type="softBlock"/>
        <block pos="16,11" type="softBlock"/>
        <block pos="17,11" type="softBlock"/>
        <block pos="18,11" type="softBlock"/>
        <block pos="9,12" type="softBlock"/>
        <block pos="10,12" type="softBlock"/>
        <block pos="11,12" type="softBlock"/>
        <block pos="12,12" type="softBlock"/>
        <block pos="13,12" type="softBlock"/>
        <block pos="14,12" type="softBlock"/>
        <block pos="16,12" type="softBlock"/>
        <block pos="14,5" type="invencible"/>
        <block pos="2,6" type="invencible"/>
        <block pos="3,6" type="invencible"/>
        <block pos="4,6" type="invencible"/>
        <block pos="2,7" type="invencible"/>
        <block pos="3,7" type="invencible"/>
        <block pos="4,7" type="invencible"/>
        <block pos="5,7" type="invencible"/>
        <block pos="4,8" type="invencible"/>
        <block pos="5,8" type="invencible"/>
        <block pos="6,8" type="invencible"/>
        <block pos="5,9" type="invencible"/>
        <block pos="6,9" type="invencible"/>
        <block pos="4,10" type="invencible"/>
        <block pos="5,10" type="invencible"/>
        <block pos="6,10" type="invencible"/>
        <block pos="7,10" type="invencible"/>
        <block pos="4,11" type="invencible"/>
        <block pos="5,11" type="invencible"/>
        <block pos="6,11" type="invencible"/>
        <block pos="7,11" type="invencible"/>
        <block pos="4,12" type="invencible"/>
        <block pos="5,12" type="invencible"/>
        <block pos="6,12" type="invencible"/>
        <block pos="7,12" type="invencible"/>
        <block pos="8,12" type="invencible"/>
    </blocks>
</level>
